{
 "SHEKEL": {
  "m=10": {
   "minima": {
    "2": [
     [
      "~",
      [
       -32.0,
       32.0
      ]
     ]
    ],
    "4": [
     [
      "~",
      [
       4.00075,
       4.00059,
       3.99966,
       3.99951
      ]
     ]
    ]
   },
   "suggested bounds": {
    "lower": 0.0,
    "upper": 10.0
   }
  },
  "m=5": {
   "minima": {
    "4": [
     [
      "~",
      [
       4.00004,
       4.00013,
       4.00004,
       4.00013
      ]
     ]
    ]
   },
   "suggested bounds": {
    "lower": 0.0,
    "upper": 10.0
   }
  },
  "m=7": {
   "minima": {
    "4": [
     [
      "~",
      [
       4.00057,
       4.00069,
       3.99949,
       3.99961
      ]
     ]
    ]
   },
   "suggested bounds": {
    "lower": 0.0,
    "upper": 10.0
   }
  },
  "reference": "",
  "summary": "",
  "version": "0.1"
 }
}